epoch,train_loss,val_loss,val_dice,test_loss,test_dice,lr
1,0.5556609794828626,0.5163591980934144,0.49267446370750134,0.0001
2,0.4940874777899848,0.4717535877227783,0.5345861541007669,0.0001
3,0.4779566393958198,0.4579127550125122,0.5532341516081349,0.0001
4,0.45486728111902874,0.4466268563270569,0.5626077602570527,0.0001
5,0.447022782696618,0.445474853515625,0.5611087046710527,0.0001
6,0.43208721929126315,0.3809018135070801,0.6297879791422745,0.0001
7,0.4035372588369581,0.367141273021698,0.639468713456396,0.0001
8,0.391920390923818,0.3404940152168274,0.6671672413801272,0.0001
9,0.3849742425812615,0.4487877225875854,0.5589547494653571,0.0001
10,0.360381571981642,0.3012751197814941,0.7037216592852963,0.0001
11,0.3227047687106662,0.28954294204711917,0.7143610450369942,0.0001
12,0.33119728485743205,0.24616530418395996,0.7576311213459911,0.0001
13,0.3009495422575209,0.2936303448677063,0.7100685782352594,0.0001
14,0.3087025202645196,0.24068100690841676,0.7609046639410432,0.0001
15,0.2990895843505859,0.28541648149490356,0.7176733712643885,0.0001
16,0.30665487315919665,0.24026122570037842,0.7614719149708736,0.0001
17,0.293659405708313,0.2505068421363831,0.7540162533317882,0.0001
18,0.2802705176671346,0.3044065856933594,0.6979244148928719,0.0001
19,0.26909708499908447,0.26806469917297365,0.7389445429778929,0.0001
20,0.27996224456363256,0.25513243198394775,0.7487102695179214,0.0001
21,0.2809445924229092,0.23588343381881713,0.767027935495204,0.0001
22,0.26193704552120634,0.20139284372329713,0.8014993990811794,0.0001
23,0.27480011728074816,0.23097845554351806,0.7721203082853059,0.0001
24,0.26537314997779,0.2881151652336121,0.7187083519311369,0.0001
25,0.27146541674931846,0.2253320550918579,0.7797131342962603,0.0001
26,0.2505145263671875,0.2875795292854309,0.7144844735480848,0.0001
27,0.25320709413952297,0.22997319221496582,0.7719317149345425,0.0001
28,0.24211534341176352,0.23317428827285766,0.7702753172971168,0.0001
29,0.23928958468967013,0.2253520154953003,0.7771950235338666,0.0001
30,0.2336431940396627,0.218129301071167,0.784389024053859,0.0001
31,0.23431584967507257,0.2255869746208191,0.7737635126902597,0.0001
32,0.23937482621934678,0.22180997133255004,0.780794222853679,0.0001
33,0.230134580400255,0.1916627264022827,0.8125733579778154,0.0001
34,0.24215926541222466,0.21064010858535767,0.7932909373353302,0.0001
35,0.23749867836634317,0.22742033004760742,0.7750864752416573,0.0001
36,0.24377285215589736,0.22317946672439576,0.7787289511724163,0.0001
37,0.22357237392001683,0.22380261182785033,0.7755809252662742,0.0001
38,0.22158195548587376,0.20152005672454834,0.7992595872126395,0.0001
39,0.21813135729895697,0.22313308477401733,0.7803875715909062,0.0001
40,0.22382635646396212,0.1888484525680542,0.8122932778578913,0.0001
41,0.21703100601832073,0.20945025682449342,0.7943036406495192,0.0001
42,0.21320319255193074,0.18100695610046386,0.8186552570109678,0.0001
43,0.22539266718758477,0.17129024267196655,0.829763627900452,0.0001
44,0.21440625508626301,0.1981702208518982,0.8000803512311284,0.0001
45,0.21484713554382323,0.16883314847946168,0.8338169085652899,0.0001
46,0.211856058438619,0.1954569125175476,0.8083423125758318,0.0001
47,0.21768203258514404,0.17856836318969727,0.8237700783431775,0.0001
48,0.20629580709669326,0.23663774490356446,0.7644095478063113,0.0001
49,0.20584508154127332,0.17298364400863647,0.8256328184925994,0.0001
50,0.2026787026723226,0.2021709156036377,0.798093751630998,0.0001
51,0.20400314622455173,0.1681564974784851,0.82854247013775,0.0001
52,0.19837111896938747,0.17259233236312865,0.8280681681670558,0.0001
53,0.21323150979148017,0.16750987768173217,0.8326153188929896,0.0001
54,0.20033885346518623,0.19959819793701172,0.7987452944584629,0.0001
55,0.19480064418580798,0.1592855453491211,0.841658273573983,0.0001
56,0.19090402709113227,0.1543295478820801,0.8453292631843564,0.0001
57,0.19689261383480497,0.168001606464386,0.8302785876570113,0.0001
58,0.19701610141330295,0.15651297330856323,0.8409268982022218,0.0001
59,0.19558148384094237,0.15026411294937134,0.8445273923787007,0.0001
60,0.20363061057196724,0.17137375831604004,0.8255530397510565,0.0001
61,0.19669429461161295,0.15322927236557007,0.8444846121738697,0.0001
62,0.18985559754901463,0.1407823896408081,0.8570155542992846,0.0001
63,0.19146542602115207,0.18644078493118285,0.8102070148388524,0.0001
64,0.19541920397016738,0.1784897494316101,0.8227930890691099,0.0001
65,0.1876237357987298,0.1551557183265686,0.8418603717709698,0.0001
66,0.18208012527889675,0.14367491722106934,0.8570554549392193,0.0001
67,0.17967000855339899,0.14766027688980102,0.853178732012614,0.0001
68,0.18095378663804795,0.16175929546356202,0.8402504546041053,0.0001
69,0.18288946602079603,0.17247565746307372,0.8258940460941704,0.0001
70,0.1785587665769789,0.16216746091842651,0.8364667362247062,0.0001
71,0.18939237780041165,0.14940995693206788,0.8470939397521853,0.0001
72,0.1785293565856086,0.1527213716506958,0.8465462710113257,0.0001
73,0.19645994265874228,0.1558444905281067,0.8460328315432529,0.0001
74,0.172541860209571,0.15844202280044556,0.8412110315905986,0.0001
75,0.17326623996098836,0.15468935012817384,0.8425616431720194,0.0001
76,0.1812732309765286,0.14457335710525512,0.8536633184672519,0.0001
77,0.190052686797248,0.17252891063690184,0.825199749596077,0.0001
78,0.17209140088823108,0.15290120601654053,0.8480599379806173,0.0001
79,0.17457751909891764,0.16604068994522095,0.832275624341292,0.0001
80,0.18222218248579236,0.16411104679107666,0.8310239929307861,0.0001
81,0.16699352582295734,0.14713014602661134,0.8503680977430851,0.0001
82,0.16747491730584038,0.18726099014282227,0.8138512721069805,0.0001
83,0.1696826442082723,0.1559775424003601,0.842291009136732,0.0001
84,0.17755381928549874,0.1547810649871826,0.8482073271281624,0.0001
85,0.1749498126241896,0.16777312278747558,0.8341886229502814,0.0001
86,0.1700197884771559,0.1593697762489319,0.8434429589125316,0.0001
87,0.16798690583970813,0.14639986991882326,0.8554364098348872,0.0001
88,0.1780517790052626,0.15557547330856322,0.8443510624880924,0.0001
89,0.17124229616589015,0.143009033203125,0.8554276136527659,0.0001
90,0.17225550015767416,0.16342307090759278,0.8371600594889865,0.0001
91,0.17162032074398464,0.14910296440124512,0.8524025810823381,0.0001
92,0.16294635083940295,0.15371468305587768,0.8472299821304065,0.0001
93,0.17380627738104926,0.1435394072532654,0.8527315359889772,0.0001
94,0.17629130257500542,0.1376992130279541,0.8601316723929441,0.0001
95,0.17305048704147338,0.14484991788864135,0.8509074129452104,0.0001
96,0.16254127078586156,0.1346912455558777,0.8639089740191751,0.0001
97,0.1621448662545946,0.1481076669692993,0.8500512103250454,0.0001
98,0.16630247063106962,0.15486453533172606,0.8447794392365411,0.0001
99,0.16465555800331963,0.12065796375274658,0.8778280319184014,0.0001
100,0.16727203104231092,0.1329341459274292,0.8656018609983387,0.0001
101,0.16719440592659846,0.12632052421569825,0.8711041776574234,0.0001
102,0.1571441576215956,0.14498157501220704,0.849057521758644,0.0001
103,0.166179547574785,0.12785959482192993,0.8692860121857463,0.0001
104,0.15316960546705458,0.15153542995452882,0.849252765331986,0.0001
105,0.16546012004216512,0.17101208686828615,0.825472798482573,0.0001
106,0.1662601105372111,0.13354495525360108,0.861563659873525,0.0001
107,0.1613436362478468,0.16355103254318237,0.8329735621510607,0.0001
108,0.15929078764385649,0.13271251678466797,0.865212834945225,0.0001
109,0.16039684004253812,0.12925004720687866,0.8708828203866023,0.0001
110,0.1619468069076538,0.1233704686164856,0.8761098280323814,0.0001
111,0.1556512671046787,0.1421191382408142,0.8572239607324365,0.0001
112,0.16167796532313028,0.13474829435348512,0.8626939930351717,0.0001
113,0.15688794347974988,0.1478104257583618,0.8513651804910902,0.0001
114,0.16738173325856526,0.1391542959213257,0.8593744852660546,0.0001
115,0.15973059124416775,0.15089114665985107,0.8490228459352085,0.0001
116,0.15812654309802585,0.12892879009246827,0.8672414578363217,0.0001
117,0.15114795790778265,0.1351153564453125,0.8618597553305196,0.0001
118,0.1550778513484531,0.15433687686920167,0.8460431671064588,0.0001
119,0.16007813109291924,0.13488687038421632,0.861557404117937,0.0001
120,0.15233560217751396,0.13078493118286133,0.8642341964650497,0.0001
121,0.14824671877755058,0.1388798713684082,0.8614228965517241,0.0001
122,0.1528390105565389,0.13374909162521362,0.8660121049974815,0.0001
123,0.1595599955982632,0.13681522846221925,0.8608232163554935,0.0001
124,0.1428404206699795,0.15334267854690553,0.8432216377925723,0.0001
125,0.15356609344482422,0.1394410228729248,0.858984323166455,0.0001
126,0.1555081950293647,0.14624568939208984,0.8503030345864905,0.0001
127,0.15358871751361422,0.13123072147369386,0.8674217195866166,0.0001
128,0.1527651039759318,0.12809298276901246,0.8704840006930191,0.0001
129,0.14456337292989094,0.13264162302017213,0.867931507525181,0.0001
130,0.15750144693586562,0.13856523990631103,0.8603794934584326,0.0001
131,0.14736903031667073,0.13594414710998534,0.8614149195350683,0.0001
132,0.15196991470124988,0.12926090717315675,0.8680067954010101,0.0001
133,0.1537607651286655,0.13646065950393677,0.8560087124519077,0.0001
134,0.14809591266844008,0.1199443531036377,0.8755381646403324,0.0001
135,0.14958235131369696,0.14032695055007935,0.858338551004045,0.0001
136,0.15068920161989,0.12401675701141357,0.8736517694060778,0.0001
137,0.14170529312557645,0.19821465492248536,0.7965941619998594,0.0001
138,0.15145072115792169,0.11917391061782837,0.8769965381533571,0.0001
139,0.14570547766155667,0.12815150022506713,0.8665129053597781,0.0001
140,0.14534674485524496,0.12902585983276368,0.8705185283897942,0.0001
141,0.14325412432352702,0.1270823621749878,0.8694062788190521,0.0001
142,0.14738153643078275,0.12336004734039306,0.8723741985910219,0.0001
143,0.1462853887346056,0.1319805407524109,0.8624608020026764,0.0001
144,0.14283314810858833,0.12470219612121582,0.8708817056727989,0.0001
145,0.14565838548872206,0.1335302209854126,0.8664935795590729,0.0001
146,0.14599380758073593,0.15234830379486083,0.8466633557619893,0.0001
147,0.14988718271255494,0.1270308542251587,0.8736526683234486,0.0001
148,0.14811996353997126,0.13650427818298339,0.8615810662563267,0.0001
149,0.13424551725387573,0.12955450296401977,0.8698927194123554,0.0001
150,0.14529528856277465,0.13285107135772706,0.8637370806270341,0.0001
151,0.14750480466418797,0.13830094575881957,0.8637342452305053,0.0001
152,0.142961053053538,0.12468812704086303,0.8765707587200201,0.0001
153,0.13537569151984322,0.14283543825149536,0.8595773769071492,0.0001
154,0.1385889999071757,0.13666966199874878,0.8624770575282394,0.0001
155,0.14077286773257786,0.12973204851150513,0.8679956284275668,0.0001
156,0.1374090764257643,0.13030908346176148,0.8645466468764924,0.0001
157,0.1369801378250122,0.12849175930023193,0.8652666205988865,0.0001
158,0.14738547934426202,0.1418004322052002,0.858022666812434,0.0001
159,0.134675841861301,0.125980122089386,0.8676056338028169,0.0001
160,0.1367971118291219,0.1276136517524719,0.8715561693152845,0.0001
161,0.143432064321306,0.12425792932510377,0.8740001800550797,0.0001
162,0.14078595214419895,0.11918286561965942,0.8775233425486412,0.0001
163,0.14652900351418388,0.13090456485748292,0.8693119718828418,0.0001
164,0.13791394816504585,0.10873637914657593,0.8884222172197392,0.0001
165,0.13713455862469143,0.1265568780899048,0.8675996140393065,0.0001
166,0.14717118395699394,0.11590418815612794,0.8800434130432575,0.0001
167,0.1403177973959181,0.12171567440032958,0.8747454473039353,0.0001
168,0.14523794094721476,0.10638501644134521,0.8918015518138633,0.0001
169,0.13729160838656956,0.12160909414291382,0.8740383300942961,0.0001
170,0.1428850025600857,0.12197340965270996,0.8754397073404973,5e-05
171,0.13129524283938937,0.11475655555725098,0.8812773606021792,5e-05
172,0.12845423248079088,0.10986467361450196,0.885070572622406,5e-05
173,0.12439842197630141,0.12053882837295532,0.8729552805705714,5e-05
174,0.12233095248540242,0.1133752703666687,0.8811483284577771,5e-05
175,0.1229340484407213,0.12033295392990112,0.8765132779985599,5e-05
176,0.12326957994037205,0.11400000810623169,0.8815743344337523,5e-05
177,0.11871077484554715,0.10685825109481811,0.8867316193773953,5e-05
178,0.11827660507626003,0.10768269777297973,0.8900222376956538,5e-05
179,0.12005100859536065,0.11625267028808593,0.882716535711008,5e-05
180,0.12457629733615451,0.11294976711273193,0.8859645474106435,5e-05
181,0.11820803827709622,0.11697744607925414,0.8820009921749861,5e-05
182,0.11937148888905844,0.1262142038345337,0.8734439120340477,5e-05
183,0.12128791438208686,0.1085960054397583,0.8885689051180378,5e-05
184,0.12229177660412259,0.11390475034713746,0.8843651920617953,5e-05
185,0.11748638576931424,0.11600072860717774,0.880006328956705,5e-05
186,0.11971479389402602,0.10434969902038574,0.8913196358110883,5e-05
187,0.12128178411059909,0.11304662942886352,0.8814553629049273,5e-05
188,0.12004080931345622,0.11140765190124512,0.8839419039560873,5e-05
189,0.12613965113957723,0.11146162033081054,0.8847619005965607,5e-05
190,0.11567514128155179,0.105543692111969,0.8908550314090303,5e-05
191,0.11763654311498006,0.11493991851806641,0.8808275914595025,5e-05
192,0.11862851672702365,0.10345988988876342,0.8933753482868668,5e-05
193,0.11622997495863173,0.12571604251861573,0.8732150025066197,5e-05
194,0.1174741170141432,0.11254110097885132,0.8843001200291241,5e-05
195,0.10987372981177436,0.09723964214324951,0.8978028737598907,5e-05
196,0.11643033425013224,0.10419962644577026,0.8904588930324364,5e-05
197,0.11616254647572835,0.09511133909225464,0.9008791799230053,5e-05
198,0.12504278077019584,0.0997743034362793,0.8939177406738716,5e-05
199,0.11695668909284804,0.10849653005599975,0.8851919089811959,5e-05
200,0.11904508113861084,0.10055408954620361,0.894579495744682,5e-05
201,0.11553519778781467,0.11012346029281617,0.8876999274181566,5e-05
202,0.12556922329796685,0.11447576999664306,0.8799077119250927,5e-05
203,0.12152252197265626,0.10782606363296508,0.8862666865742113,5e-05
204,0.11948303593529595,0.10927198648452759,0.8858595639026977,5e-05
205,0.10815440018971761,0.1063903522491455,0.8889194730450845,5e-05
206,0.12005342774920993,0.11427497863769531,0.8824132159111384,5e-05
207,0.11300406164593167,0.10774486780166626,0.8894115337817174,5e-05
208,0.11143067889743381,0.1075821590423584,0.8885022653979442,5e-05
209,0.11320568164189657,0.09490609169006348,0.8989113405288877,5e-05
210,0.1129931304189894,0.10411205053329468,0.8898529236101498,5e-05
211,0.11441305239995321,0.11750721216201782,0.8781789079584114,5e-05
212,0.11311425103081597,0.10774326086044311,0.8881340121479502,5e-05
213,0.10857604953977797,0.09790116310119629,0.8975777077972952,5e-05
214,0.11406768480936687,0.09625927448272704,0.899194319568252,5e-05
215,0.1118003421359592,0.09921526670455932,0.8970160240602456,5e-05
216,0.11611006710264418,0.1171831202507019,0.8785265087723038,5e-05
217,0.11100992679595947,0.11317281484603882,0.8837688212750715,5e-05
218,0.11077924966812133,0.11454127788543701,0.8817390862181155,5e-05
219,0.10927893930011326,0.11646687984466553,0.8787292693462256,5e-05
220,0.11125941223568386,0.10563786506652832,0.8930206359465807,5e-05
221,0.11531376308865017,0.10291060209274291,0.8936485590393851,5e-05
222,0.1154690154393514,0.10377508401870728,0.8904977292812717,5e-05
223,0.11436293575498793,0.11122901678085327,0.8834520575127314,5e-05
224,0.11272460540135701,0.11566354990005494,0.883434124518808,5e-05
225,0.11995681338840061,0.11712935447692871,0.8805777699758471,5e-05
226,0.10956563870112102,0.1096739101409912,0.8888009172188107,2.5e-05
227,0.11016432841618856,0.11338456392288208,0.8843855903587403,2.5e-05
228,0.10958623965581259,0.10942628860473633,0.88990966859167,2.5e-05
229,0.10781914525561863,0.10475907564163207,0.8922556565664544,2.5e-05
230,0.10931982490751478,0.11078380346298218,0.8883788350690799,2.5e-05
231,0.1035272373093499,0.1123945665359497,0.8822094463424183,2.5e-05
232,0.106761261622111,0.10926634550094605,0.889357399231305,2.5e-05
233,0.10269332965215047,0.0963099718093872,0.9020328817990724,2.5e-05
234,0.10282470782597859,0.11070653438568115,0.8877194021652796,2.5e-05
235,0.1050260305404663,0.10393083572387696,0.8958431921550071,2.5e-05
236,0.10553810358047486,0.09800350904464722,0.9004182131127476,2.5e-05
237,0.10235689110226101,0.1109418272972107,0.8847971633986371,2.5e-05
238,0.1088814369837443,0.10291990518569946,0.8956091088847914,2.5e-05
239,0.1034493464893765,0.09765904188156128,0.9002210608197595,2.5e-05
240,0.10700717899534437,0.09787493944168091,0.9021912064082138,2.5e-05
241,0.09640935632917616,0.08669650316238403,0.9123864607475165,2.5e-05
242,0.10456550757090251,0.09727323532104493,0.9000763871194148,2.5e-05
243,0.10736462513605753,0.0926743221282959,0.905123129088605,2.5e-05
244,0.10287270731396145,0.09587918281555176,0.9028694919364751,2.5e-05
245,0.10287216875288221,0.09640940427780151,0.9027995206663145,2.5e-05
246,0.10273477050993178,0.10126244783401489,0.8980139789892052,2.5e-05
247,0.10270893732706705,0.0954983115196228,0.9020202147883086,2.5e-05
248,0.10761466715070936,0.1054154396057129,0.8905975599607916,2.5e-05
249,0.10765668047799004,0.10301902294158935,0.8930286712268957,2.5e-05
250,0.10423999309539794,0.09050062656402588,0.9072512802125442,2.5e-05
251,0.10160621775521173,0.0835695767402649,0.9130272059881963,2.5e-05
252,0.10228823847240871,0.10526146411895752,0.8920845339009861,2.5e-05
253,0.10466320276260375,0.10160050630569457,0.8966330648570272,2.5e-05
254,0.10090433094236585,0.09447544813156128,0.9029077343955154,2.5e-05
255,0.09966232432259453,0.08901668787002563,0.9071213013515013,2.5e-05
256,0.09788928323321873,0.08618468761444092,0.9088593502875508,2.5e-05
257,0.10383097860548231,0.09511890649795532,0.9022182917431233,2.5e-05
258,0.10140645954344008,0.095864577293396,0.9013602141110489,2.5e-05
259,0.10339165502124363,0.09211337566375732,0.9041603845857027,2.5e-05
260,0.09713902340994941,0.10185208082199097,0.8939249920354306,2.5e-05
261,0.09720386213726467,0.09826510667800903,0.8978457701600862,2.5e-05
262,0.10133639388614231,0.09551765441894532,0.9013778556438216,1.25e-05
263,0.10422488848368326,0.09301356077194214,0.9044170232563172,1.25e-05
264,0.10145891083611383,0.0963318419456482,0.9013377466356005,1.25e-05
265,0.09753819465637208,0.09001081228256226,0.908176594590025,1.25e-05
266,0.09734611378775702,0.09593572616577148,0.9011985559412196,1.25e-05
267,0.09881713231404622,0.09368140459060668,0.9034313709547148,1.25e-05
268,0.09413219345940484,0.09334384679794311,0.9044039079779441,1.25e-05
269,0.09922881073421902,0.09842957258224487,0.89886721581443,1.25e-05
270,0.09717574755350748,0.09400208711624146,0.9028010711617678,1.25e-05
271,0.09847753524780273,0.09514516115188598,0.9005540927492787,1.25e-05
272,0.09679692056443956,0.09122677326202393,0.9045849592766482,1.25e-05
273,0.09621421257654826,0.09223815679550171,0.9050783332805187,1.25e-05
274,0.10180995835198296,0.1044861125946045,0.8937262478932182,1.25e-05
275,0.0987919987572564,0.08517844200134278,0.911421260078032,1.25e-05
276,0.09589711825052898,0.08889909982681274,0.9092444968661875,1.25e-05
277,0.099540466732449,0.08440484762191773,0.9126354253892578,1.25e-05
278,0.0987080529001024,0.08415186643600464,0.9141445564859035,1.25e-05
279,0.0997970536020067,0.09440473079681397,0.9030549088063038,1.25e-05
280,0.09287769397099813,0.09123640298843384,0.907005664204898,1.25e-05
281,0.09430640856424967,0.09211789846420287,0.9050896298043729,1.25e-05
282,0.09714033868577746,0.09102021455764771,0.9065880809380081,1.25e-05
283,0.09866763220893013,0.09015578508377076,0.9073901595985145,1.25e-05
284,0.0971814301278856,0.10384429216384888,0.892989046889111,1.25e-05
285,0.0974457475874159,0.10185224294662476,0.8953608869723209,1.25e-05
286,0.09709254423777262,0.09522196054458618,0.9019873930222483,1.25e-05
287,0.09691515737109714,0.09481934070587159,0.9026614681194298,1.25e-05
288,0.09816864199108548,0.09823168754577637,0.8995257487541587,1.25e-05
289,0.09771461009979249,0.09422362804412841,0.9013655560907808,1.25e-05
290,0.09940986871719361,0.08839235067367554,0.9089520911337412,1.25e-05
291,0.09842865334616767,0.08766826391220092,0.9089880322747952,1.25e-05
292,0.09424274577034844,0.087875714302063,0.9090658184016931,1.25e-05
293,0.09501568423377144,0.09461124420166016,0.9011976079819212,1.25e-05
294,0.09398689667383829,0.08957011222839356,0.9070685697728753,1.25e-05
295,0.09381814585791694,0.092034752368927,0.9031224225160212,1.25e-05
296,0.09455948087904188,0.09237670421600341,0.9042730001568547,1.25e-05
297,0.0921785593032837,0.09354202508926392,0.9027777114383502,1.25e-05
298,0.09572712024052937,0.09384875535964966,0.9038735671225916,1.25e-05
299,0.10094336562686497,0.09145472764968872,0.9059208400646205,1.25e-05
300,0.0952523144086202,0.0880218768119812,0.9085854114518294,1.25e-05
301,0.09513117657767402,0.09245932579040528,0.9049469294135098,1.25e-05
302,0.09659029536777072,0.08613106489181518,0.9099673745075627,1.25e-05
303,0.09274949047300551,0.0856833028793335,0.9107271755891966,1.25e-05
304,0.0915389002694024,0.08619066715240478,0.9112700431729879,1.25e-05
305,0.09772846274905735,0.08318108558654785,0.9127061480116185,1.25e-05
306,0.09276880184809366,0.08877957344055176,0.9076984143222506,1.25e-05
307,0.09506659613715278,0.08410380125045776,0.9120617090342756,1.25e-05
308,0.09839689095815023,0.0870208215713501,0.9106149766664268,1.25e-05
309,0.09594757742351956,0.09759364604949951,0.9004151996214595,1.25e-05
310,0.09492499139573839,0.08070034742355346,0.9163976694110474,1.25e-05
311,0.09572552495532566,0.08752370834350585,0.9100169309286763,1.25e-05
312,0.0912752119700114,0.09077234029769897,0.9070336791007095,1.25e-05
313,0.09129804505242242,0.08844986200332641,0.9092304293736702,1.25e-05
314,0.09135499556859335,0.088193039894104,0.9084883179489989,1.25e-05
315,0.09242929803000556,0.08623970031738282,0.9120869666797226,1.25e-05
316,0.09232486142052544,0.09122456789016724,0.9067071795275976,1.25e-05
317,0.09254656102922228,0.0897795581817627,0.9067598486109748,1.25e-05
318,0.09673320584827,0.09116357326507568,0.9064902992398333,1.25e-05
319,0.09685473786460029,0.10143184661865234,0.8949694503740057,1.25e-05
320,0.09605550315645006,0.0882355260848999,0.9093623365616365,1.25e-05
321,0.09681041929456922,0.09645659685134887,0.9008674186580725,1.25e-05
322,0.09242162836922539,0.08832153797149658,0.9082817548536858,1.25e-05
323,0.09429903268814087,0.08887888908386231,0.9071224217441266,1.25e-05
324,0.09280816343095567,0.08426445960998535,0.9138710292416115,1.25e-05
325,0.09496642483605279,0.09319870471954346,0.90280772771664,1.25e-05
326,0.09446835385428534,0.0891454577445984,0.907152466512732,1.25e-05
327,0.09517901208665636,0.0863209867477417,0.9115048878969968,1.25e-05
328,0.09569995270835029,0.09345319986343384,0.9013562658133452,1.25e-05
329,0.0868988577524821,0.09403529644012451,0.9032748141311427,1.25e-05
330,0.09348809374703301,0.0941119909286499,0.9002114436988607,1.25e-05
331,0.09677942276000977,0.08979149341583252,0.90732566729419,1.25e-05
332,0.09284597820705838,0.09312277793884277,0.9032412566040026,1.25e-05
333,0.09411216762330797,0.09105839729309081,0.9055033530123987,1.25e-05
334,0.09307180749045478,0.09009913444519042,0.9085910270580116,1.25e-05
335,0.0900877300898234,0.08720783948898315,0.910979662091254,1.25e-05
336,0.09625343031353421,0.0895851469039917,0.9082043549346875,1.25e-05
337,0.09127326673931546,0.09026893377304077,0.9070788477560633,1.25e-05
338,0.09084762202368843,0.08870549201965332,0.9083355496707041,1.25e-05
339,0.09172770606146918,0.08847951412200927,0.9105451399332565,1.25e-05
340,0.09633564021852281,0.09032760858535767,0.9083598691227687,1.25e-05
341,0.09023744106292725,0.0897804307937622,0.9077562759905373,1.25e-05
342,0.08957287152608236,0.08651015996932983,0.9097394376627771,1.25e-05
343,0.0890293476316664,0.09049943685531617,0.9074989203050414,1.25e-05
344,0.09422773546642728,0.08798301696777344,0.9104751090350719,1.25e-05
345,0.09542618778016831,0.0906078839302063,0.9071751772275545,1.25e-05
346,0.0948239909278022,0.095289785861969,0.901489393793964,1.25e-05
347,0.08909574747085572,0.08992262125015259,0.9075355053023966,1.25e-05
348,0.0918611388736301,0.0926518702507019,0.9045961919800943,1.25e-05
349,0.09052568117777507,0.10159638404846191,0.8964011199208671,1.25e-05
350,0.09402847687403361,0.10315202474594116,0.8942203586138278,6.25e-06
351,0.09386642138163248,0.10304062843322753,0.893439933414964,6.25e-06
352,0.0959312481350369,0.09334480285644531,0.9035944336287193,6.25e-06
353,0.08953034374448988,0.09187146663665771,0.9055222819654261,6.25e-06
354,0.08827239937252468,0.09146153926849365,0.9050951970746458,6.25e-06
355,0.09111998902426825,0.09464962720870972,0.9012597797830837,6.25e-06
356,0.08566205634011162,0.09171401500701905,0.9049433529422124,6.25e-06
357,0.09009650468826294,0.09012995481491089,0.9077967336771096,6.25e-06
358,0.09155996905432807,0.09160172224044799,0.905346283235161,6.25e-06
359,0.0907483352555169,0.08401063203811646,0.9119694853218666,6.25e-06
360,0.0883775888548957,0.08619920253753661,0.9109741944676975,6.25e-06
361,0.09195843113793267,0.0905402159690857,0.9063773645899673,6.25e-06
362,0.09161851538552178,0.09029044628143311,0.9076574448696717,6.25e-06
363,0.08958741850323147,0.08730418682098388,0.9080673098052057,6.25e-06
364,0.08816126214133368,0.09121922492980956,0.9044039212172692,6.25e-06
365,0.09169313960605198,0.09170577049255371,0.9047009288644335,6.25e-06
366,0.09343526230918037,0.09259521007537842,0.9032630778528449,6.25e-06
367,0.09428251981735229,0.0911074161529541,0.9051240201950168,6.25e-06
368,0.0870063230726454,0.09152950525283814,0.9053165990767459,6.25e-06
369,0.08745148287879097,0.089991614818573,0.9069117359209055,6.25e-06
370,0.09122283776601156,0.08853827238082886,0.9070128982381015,6.25e-06
371,0.0867403186692132,0.089641854763031,0.907943271267481,6.25e-06
372,0.08966773377524481,0.09050688028335571,0.9066422280246154,6.25e-06
373,0.09014015648100111,0.08863208532333373,0.9101423614660165,6.25e-06
374,0.08928008264965481,0.09295567512512207,0.9053859692959935,6.25e-06
375,0.08864715019861857,0.08787557601928711,0.9099849603901307,6.25e-06
376,0.08933798419104683,0.08863642930984497,0.9094537754625769,6.25e-06
377,0.09184228764639961,0.08562613487243652,0.913044288870452,3.125e-06
378,0.08600617541207208,0.08710945606231689,0.911274053700194,3.125e-06
379,0.08548973639806112,0.08761085987091065,0.9104366470940407,3.125e-06
380,0.09269370343950059,0.08703813076019287,0.910845212030414,3.125e-06
381,0.08774537324905396,0.08777422428131104,0.91078844481571,3.125e-06
382,0.08849613030751546,0.08947343111038208,0.9087927416623744,3.125e-06
383,0.08764908101823594,0.08814955472946168,0.9100032549582461,3.125e-06
384,0.09071274386511909,0.08993633270263672,0.9079617100491236,3.125e-06
385,0.08897132025824653,0.09134418964385986,0.9047761559421144,3.125e-06
386,0.0879439213540819,0.08978843450546264,0.9080139365213509,3.125e-06
387,0.09060698721143934,0.09145466327667236,0.9058821719677309,3.125e-06
388,0.08616050190395778,0.08778570413589477,0.9104797098721444,3.125e-06
389,0.09244013362460667,0.08662067413330078,0.9118941411625223,3.125e-06
390,0.09020089811748928,0.08828183889389038,0.9098624642773229,3.125e-06
391,0.09031996223661634,0.08604170799255371,0.9122674640658041,3.125e-06
392,0.09039271672566732,0.08728176832199097,0.9110759869782666,3.125e-06
393,0.08615725782182482,0.08848629474639892,0.9100222861124868,3.125e-06
394,0.08662040630976359,0.08841391801834106,0.9102900876704552,3.125e-06
395,0.09050304333368937,0.0895713996887207,0.909138349560935,3.125e-06
396,0.0917411994934082,0.0870063304901123,0.9109077505272666,3.125e-06
397,0.0919103749593099,0.08743885040283203,0.9105025001770353,3.125e-06
398,0.08887808958689372,0.09038005352020263,0.9066457527165687,3.125e-06
399,0.08911885446972317,0.08800001859664917,0.9105232763930426,3.125e-06
400,0.0868457629945543,0.0897589921951294,0.9071480469277071,1.5625e-06
401,0.08847639719645183,0.08890373945236206,0.9082501004986983,1.5625e-06
402,0.0865122111638387,0.09237282276153565,0.9045294418209995,1.5625e-06
403,0.08534035258822971,0.0888057541847229,0.9080012544518936,1.5625e-06
404,0.09165575954649184,0.09024755239486694,0.9069443351003341,1.5625e-06
405,0.0866984134250217,0.08944078683853149,0.9087371196200026,1.5625e-06
406,0.08754652712080213,0.09015415668487549,0.9075885994517738,1.5625e-06
407,0.08696750985251532,0.08831046342849731,0.908605750279253,1.5625e-06
408,0.09033987840016683,0.08852731704711914,0.9079276909098306,1.5625e-06
409,0.08538490401373969,0.0900079846382141,0.9077894853506238,1.5625e-06
410,0.08793742842144436,0.08491759538650513,0.9129539802700068,1.5625e-06
411,0.09118791898091634,0.08595612287521362,0.9107828876308016,1.5625e-06
412,0.08920884582731459,0.08915082931518555,0.9078768062624355,1.5625e-06
413,0.08840602371427748,0.0895323896408081,0.9069011976700112,1.5625e-06
414,0.08600920597712199,0.08810177326202392,0.9092667272196557,1.5625e-06
415,0.08501728216807047,0.08846488237380981,0.9086569452901158,1.5625e-06
416,0.08980912764867147,0.08802233934402466,0.9089538524597951,1.5625e-06
417,0.08538594404856364,0.09040945291519165,0.9065822220752531,1.5625e-06
418,0.08966463459862603,0.0879157280921936,0.9102761938058325,1.5625e-06
419,0.09060392326778836,0.09013572454452515,0.9080215045642458,1.5625e-06
420,0.08352846754921807,0.09159331321716309,0.9057659602994828,1.5625e-06
421,0.08625375694698757,0.09122387647628784,0.9055191339769413,1.5625e-06
422,0.08599273522694906,0.08868547916412353,0.9095122562504321,1.5625e-06
423,0.08778532531526353,0.09069405794143677,0.9073228877576744,1.5625e-06
424,0.08941491232977973,0.0902816390991211,0.9065823681220629,1.5625e-06
425,0.0868719212214152,0.09116483211517334,0.9060274479459954,1.5625e-06
426,0.09048542658487956,0.08856369256973266,0.9100786739993889,1.5625e-06
427,0.08734059068891738,0.08874777793884277,0.909696916386417,1.5625e-06
428,0.08767549726698133,0.08811123371124267,0.910313732299125,1.5625e-06
429,0.08652284834120008,0.0896567177772522,0.9082590269620698,1.5625e-06
430,0.08838847743140327,0.09075005769729615,0.906783108380014,1.5625e-06
431,0.08912035279803805,0.08912801742553711,0.9091900563623457,1.5625e-06
432,0.08643690082761976,0.0892567777633667,0.909374740739028,1.5625e-06
433,0.08899543073442247,0.08914034128189087,0.9086602018656499,1.5625e-06
434,0.08775376982159085,0.08931304693222046,0.9092122877850098,1.5625e-06
435,0.08804854340023464,0.09035471677780152,0.9081290333052442,1.5625e-06
436,0.08959804508421156,0.08955451011657715,0.9081967320647291,1.5625e-06
437,0.08341932667626276,0.0921925163269043,0.9047528076862903,1.5625e-06
438,0.08728608502282037,0.09109680414199829,0.9067911681679828,1.5625e-06
439,0.08692046509848701,0.09277007102966309,0.9041335166566659,1.5625e-06
440,0.09516379329893324,0.09403069972991944,0.9033264963932278,1.5625e-06
441,0.08674693531460233,0.0921049427986145,0.9052631808061921,1.5625e-06
442,0.08994655715094672,0.0916574788093567,0.9058510243843244,1.5625e-06
443,0.0879853884379069,0.09004199981689454,0.9074274067531761,1.5625e-06
444,0.08907024489508734,0.09155766725540161,0.9061679913240722,1.5625e-06
445,0.08455352942148844,0.09404282808303834,0.9026509810361019,1.5625e-06
446,0.09189332193798488,0.0928842806816101,0.9043052845013995,1.5625e-06
447,0.0874843242433336,0.09181790590286255,0.9054132277802789,1.5625e-06
448,0.08686656713485717,0.09290360689163207,0.9041662737826189,1.5625e-06
449,0.08715812232759264,0.09262681007385254,0.9040917008771598,1.5625e-06
450,0.0887395715713501,0.09227620840072631,0.905594512057131,1.5625e-06
451,0.08961217138502332,0.09102572441101074,0.9069875209658437,1.5625e-06
452,0.08852949168947008,0.09139662981033325,0.905842283346685,1.5625e-06
453,0.0868388663397895,0.09047333002090455,0.9074401189735681,1.5625e-06
454,0.08795377148522271,0.09009916067123414,0.9080754141088232,1.5625e-06
455,0.0884347242779202,0.08983848571777343,0.9077236803681386,1.5625e-06
456,0.08990313079622057,0.09037699699401855,0.9070169710753113,1.5625e-06
457,0.0906952084435357,0.09155533075332642,0.9052097315778522,1.5625e-06
458,0.08504732502831353,0.09159371376037598,0.9050324046369476,7.8125e-07
459,0.08536450544993082,0.0901653528213501,0.9074734127012323,7.8125e-07
460,0.08805436902576022,0.08995501041412353,0.9072581751558503,7.8125e-07
461,0.0878005846341451,0.0883939266204834,0.9096261353875872,7.8125e-07
462,0.08832643111546834,0.09089013099670411,0.9061210826137401,7.8125e-07
463,0.09027981917063395,0.08971850395202637,0.9079796777827283,7.8125e-07
464,0.08814536756939358,0.09024766445159912,0.9075730810404729,7.8125e-07
465,0.08718807564841377,0.08998196363449097,0.9079777539929222,7.8125e-07
466,0.08595880587895711,0.09137978315353394,0.9059270021650488,7.8125e-07
467,0.09000854598151313,0.09027343988418579,0.907652305688409,7.8125e-07
468,0.09056230545043946,0.09102663040161132,0.9065437153559521,7.8125e-07
469,0.08779878086513943,0.0922599482536316,0.9049489999098494,7.8125e-07
470,0.08498777018653023,0.09159783124923707,0.9067297643264156,7.8125e-07
471,0.08973782804277208,0.08790944576263428,0.9103397956147741,7.8125e-07
472,0.08908845159742568,0.0896996283531189,0.9079615959434433,7.8125e-07
473,0.08656941334406534,0.09334543704986573,0.9034425311089013,7.8125e-07
474,0.08565360201729669,0.0911335849761963,0.9057682742885702,7.8125e-07
475,0.08517346514595879,0.09213579177856446,0.9055948142076458,7.8125e-07
476,0.08790657732221815,0.09122951030731201,0.9066392587173593,7.8125e-07
477,0.08892413483725654,0.08904506921768189,0.9085356565492775,7.8125e-07
478,0.08647112766901652,0.09128214597702027,0.9060855982948138,7.8125e-07
479,0.09072946204079523,0.09135396242141723,0.9069507275212757,3.90625e-07
480,0.08911499261856079,0.09143637657165528,0.906388044198744,3.90625e-07
481,0.08835834715101454,0.09353515148162841,0.9035631308332593,3.90625e-07
482,0.08999180369906955,0.09078588962554932,0.9071600276460121,3.90625e-07
483,0.08390859948264227,0.09143129348754883,0.9060006738498515,3.90625e-07
484,0.08706825335820516,0.09087697505950927,0.9068061621856359,3.90625e-07
485,0.09022153509987725,0.09272105216979981,0.9047791718036116,3.90625e-07
486,0.0843070207701789,0.09119220018386841,0.9070044157266337,3.90625e-07
487,0.08904009289211696,0.09345045089721679,0.9030058442464514,3.90625e-07
488,0.08761078861024645,0.09084303140640258,0.9068906052061623,3.90625e-07
489,0.08765051417880589,0.09285192728042603,0.9042561577844178,3.90625e-07
490,0.08467828777101305,0.09194792985916138,0.9063045437035467,3.90625e-07
491,0.08405001454883151,0.09280051469802857,0.9042106185453118,3.90625e-07
492,0.08603191534678141,0.09322218179702758,0.9035045098800198,3.90625e-07
493,0.08977447324328952,0.09188952684402465,0.9059061744334755,3.90625e-07
494,0.09015497975879246,0.09280662059783935,0.9041142291994763,3.90625e-07
495,0.0891371742884318,0.09184019327163696,0.9047646548608406,3.90625e-07
496,0.08890212138493855,0.09055448770523071,0.9070044159846135,3.90625e-07
497,0.08748026821348402,0.09071514844894409,0.9071103941938456,3.90625e-07
498,0.08698268943362766,0.09073137044906616,0.906829302059141,3.90625e-07
499,0.08226855119069418,0.0902450442314148,0.9062191194132607,3.90625e-07
500,0.08677633921305339,0.09030899047851562,0.9061916731831255,3.90625e-07
